Date,Level,Message
2026-05-03T15:59:32.543Z,success,Daily routine complete. Cap used: 15. Window: US_EU.
2026-05-03T15:59:32.525Z,warn,[relationship-builder] content script did not respond after 15 retries — skipping
2026-05-03T15:58:43.297Z,warn,[relationship-builder] content script did not respond after 15 retries — skipping
2026-05-03T15:57:54.408Z,info,Step 4/4 — Building relationships (birthdays + anniversaries)…
2026-05-03T15:57:54.358Z,warn,[post-engager] content script did not respond after 15 retries — skipping
2026-05-03T15:57:04.953Z,info,"Keyword 1/15: """"project manager"" latam"""
2026-05-03T15:57:04.949Z,info,Step 3/4 — Engaging with targeted content search posts…
2026-05-03T15:57:04.898Z,warn,[recruiter-prospector] content script did not respond after 15 retries — skipping
2026-05-03T15:56:15.062Z,info,Step 2/4 — Prospecting Tech Recruiters (cap: 15)…
2026-05-03T15:56:15.052Z,warn,[ssi-monitor] content script did not respond after 15 retries — skipping
2026-05-03T15:55:26.315Z,info,Step 1/4 — Capturing SSI scores…
2026-05-03T15:55:26.314Z,warn,[Manual] Full sequence triggered. Cap today: 15.
2026-05-03T15:55:19.754Z,success,Extension installed. Daily alarms registered.