Date,Context,URL,Profile ID,Name
2026-05-04T01:13:26.678Z,recruiter-search,https://www.linkedin.com/in/alexccampos/,alexccampos,
2026-05-04T01:13:18.944Z,recruiter-search,https://www.linkedin.com/in/patriciaxavierlimaiwashita/en/,patriciaxavierlimaiwashita,
2026-05-04T01:13:11.957Z,recruiter-search,https://www.linkedin.com/in/rodrigobautista/,rodrigobautista,
2026-05-04T01:13:06.945Z,recruiter-search,https://www.linkedin.com/in/dario-melro-andrade/en/,dario-melro-andrade,
2026-05-04T01:13:00.938Z,recruiter-search,https://www.linkedin.com/in/elizangela-nascimento-souza/,elizangela-nascimento-souza,
2026-05-04T01:12:55.941Z,recruiter-search,https://www.linkedin.com/in/silmara-souza-bilingual-talent-acquisition-5a2370b/,silmara-souza-bilingual-talent-acquisition-5a2370b,
2026-05-04T01:12:49.432Z,recruiter-search,https://www.linkedin.com/in/danielmreis/en/,danielmreis,
2026-05-04T01:12:44.779Z,recruiter-search,https://www.linkedin.com/in/eduardo-gouv%C3%AAa-757a4a4b/en/,eduardo-gouv%C3%AAa-757a4a4b,
2026-05-04T01:12:39.952Z,recruiter-search,https://www.linkedin.com/in/rodrigopoulis/,rodrigopoulis,
2026-05-04T01:12:33.944Z,recruiter-search,https://www.linkedin.com/in/victor-bensadon-55a5a8133/,victor-bensadon-55a5a8133,
2026-05-04T01:12:10.943Z,recruiter-search,https://www.linkedin.com/in/sammy-nama-801b34227/,sammy-nama-801b34227,there
2026-05-04T01:12:06.946Z,recruiter-search,https://www.linkedin.com/in/shagufa-anam-08b849235/,shagufa-anam-08b849235,there
2026-05-04T01:12:03.945Z,recruiter-search,https://www.linkedin.com/in/alan-fernandes-29b45517/en/,alan-fernandes-29b45517,there
2026-05-04T01:11:58.942Z,recruiter-search,https://www.linkedin.com/in/jessicalobrigatti/,jessicalobrigatti,there
2026-05-04T01:11:52.952Z,recruiter-search,https://www.linkedin.com/in/milaorrico/,milaorrico,there
2026-05-04T01:11:47.951Z,recruiter-search,https://www.linkedin.com/in/troy-sutter-7b114915/,troy-sutter-7b114915,there
2026-05-04T01:11:44.946Z,recruiter-search,https://www.linkedin.com/in/jriek/,jriek,there
2026-05-04T01:11:40.940Z,recruiter-search,https://www.linkedin.com/in/shlott/,shlott,there
2026-05-04T01:11:35.941Z,recruiter-search,https://www.linkedin.com/in/nelsonsthoughts/,nelsonsthoughts,there
2026-05-04T01:11:31.952Z,recruiter-search,https://www.linkedin.com/in/graju/,graju,there
2026-05-04T01:11:27.945Z,recruiter-search,https://www.linkedin.com/in/georgiawellman/,georgiawellman,there
2026-05-04T01:11:21.952Z,recruiter-search,https://www.linkedin.com/in/ana-laurentino/,ana-laurentino,there
2026-05-04T01:11:17.952Z,recruiter-search,https://www.linkedin.com/in/ankit-mishra-42036825b/,ankit-mishra-42036825b,there
2026-05-04T01:11:12.946Z,recruiter-search,https://www.linkedin.com/in/andreapolito/,andreapolito,there
2026-05-04T01:11:06.943Z,recruiter-search,https://www.linkedin.com/in/lucassieverding/,lucassieverding,there
2026-05-04T01:11:02.939Z,recruiter-search,https://www.linkedin.com/in/rafael-sanches-24a2b034/en/,rafael-sanches-24a2b034,there
2026-05-04T01:10:57.939Z,recruiter-search,https://www.linkedin.com/in/filipe-pimentel-43210a85/,filipe-pimentel-43210a85,there