Type,Name,Email,ProfileURL,JobURL,Source,Date,Status
Profile,there,,https://www.linkedin.com/in/ankit-mishra-42036825b/,,recruiter-search,2026-06-06T10:48:13.932Z,discovered
Profile,there,,https://www.linkedin.com/in/ankit-mishra-42036825b/,,recruiter-search,2026-06-06T10:47:55.925Z,discovered
Profile,there,,https://www.linkedin.com/in/ankit-mishra-42036825b/,,recruiter-search,2026-06-06T10:47:35.923Z,discovered
Profile,there,,https://www.linkedin.com/in/abhishek-soam-4878a8179/,,recruiter-search,2026-06-06T10:47:18.933Z,discovered
Profile,there,,https://www.linkedin.com/in/varun-narayan-a77482142/,,recruiter-search,2026-06-06T10:47:01.934Z,discovered
Profile,there,,https://www.linkedin.com/in/varun-narayan-a77482142/,,recruiter-search,2026-06-06T10:46:42.936Z,discovered
Profile,there,,https://www.linkedin.com/in/varun-narayan-a77482142/,,recruiter-search,2026-06-06T10:46:23.940Z,discovered
Profile,there,,https://www.linkedin.com/in/farhan-razaq/,,recruiter-search,2026-06-06T10:46:04.927Z,discovered
Profile,there,,https://www.linkedin.com/in/farhan-razaq/,,recruiter-search,2026-06-06T10:45:48.927Z,discovered
Profile,there,,https://www.linkedin.com/in/anusha-raj-a327a4244/,,recruiter-search,2026-06-06T10:45:30.935Z,discovered
Profile,there,,https://www.linkedin.com/in/anusha-raj-a327a4244/,,recruiter-search,2026-06-06T10:45:13.929Z,discovered
Profile,there,,https://www.linkedin.com/in/bpearce2334/,,recruiter-search,2026-06-06T10:44:54.935Z,discovered
Profile,there,,https://www.linkedin.com/in/bpearce2334/,,recruiter-search,2026-06-06T10:44:37.929Z,discovered
Profile,there,,https://www.linkedin.com/in/bpearce2334/,,recruiter-search,2026-06-06T10:44:21.928Z,discovered
Profile,there,,https://www.linkedin.com/in/scott-elgar/,,recruiter-search,2026-06-06T10:44:07.562Z,discovered
Profile,there,,https://www.linkedin.com/in/scott-elgar/,,recruiter-search,2026-06-06T10:43:53.692Z,discovered
Profile,there,,https://www.linkedin.com/in/aryan-yadav-239039302/,,recruiter-search,2026-06-06T10:43:37.261Z,discovered
Profile,there,,https://www.linkedin.com/in/aryan-yadav-239039302/,,recruiter-search,2026-06-06T10:43:21.931Z,discovered
Profile,there,,https://www.linkedin.com/in/aryan-yadav-239039302/,,recruiter-search,2026-06-06T10:43:02.933Z,discovered
Profile,there,,https://www.linkedin.com/in/simha-kiraankumar-32031925a/,,recruiter-search,2026-06-06T10:42:45.812Z,discovered
Profile,there,,https://www.linkedin.com/in/michael-newman-0166a662/,,recruiter-search,2026-06-06T10:42:30.277Z,discovered
Profile,there,,https://www.linkedin.com/in/michael-newman-0166a662/,,recruiter-search,2026-06-06T10:42:14.577Z,discovered
Profile,there,,https://www.linkedin.com/in/michael-newman-0166a662/,,recruiter-search,2026-06-06T10:41:58.848Z,discovered